Date,Open,High,Low,Close,Adj Close,Volume,upper,lower,middle,SMA200,signal_BASEDONDC&SMA_buy,signal_BASEDONDC&SMA_sell,Final
2023-01-20,234.86000061035156,240.74000549316406,234.50999450683594,240.22000122070312,237.2412872314453,35389800,,,,,0,0,0
2023-01-23,241.10000610351562,245.1699981689453,239.64999389648438,242.5800018310547,239.57200622558594,31934000,,,,,0,0,0
2023-01-24,242.5,243.9499969482422,240.44000244140625,242.0399932861328,239.03871154785156,40234400,,,,,0,0,0
2023-01-25,234.47999572753906,243.3000030517578,230.89999389648438,240.61000061035156,237.62644958496094,66526600,,,,,0,0,0
2023-01-26,243.64999389648438,248.30999755859375,242.0,248.0,244.9248046875,33454500,,,,,0,0,0
2023-01-27,248.99000549316406,249.8300018310547,246.8300018310547,248.16000366210938,245.0828399658203,26498900,,,,,0,0,0
2023-01-30,244.50999450683594,245.60000610351562,242.1999969482422,242.7100067138672,239.70040893554688,25867400,,,,,0,0,0
2023-01-31,243.4499969482422,247.9499969482422,242.9499969482422,247.80999755859375,244.73716735839844,26541100,,,,,0,0,0
2023-02-01,248.0,255.17999267578125,245.47000122070312,252.75,249.6159210205078,31259900,,,,,0,0,0
2023-02-02,258.82000732421875,264.69000244140625,257.25,264.6000061035156,261.3189697265625,39940400,,,,,0,0,0
2023-02-03,259.5400085449219,264.20001220703125,257.1000061035156,258.3500061035156,255.14646911621094,29077300,,,,,0,0,0
2023-02-06,257.44000244140625,258.29998779296875,254.77999877929688,256.7699890136719,253.58604431152344,22518000,,,,,0,0,0
2023-02-07,260.5299987792969,268.7699890136719,260.0799865722656,267.55999755859375,264.24224853515625,50841400,,,,,0,0,0
2023-02-08,273.20001220703125,276.760009765625,266.2099914550781,266.7300109863281,263.4225769042969,54686000,,,,,0,0,0
2023-02-09,273.79998779296875,273.9800109863281,262.79998779296875,263.6199951171875,260.35113525390625,42375100,,,,,0,0,0
2023-02-10,261.5299987792969,264.0899963378906,260.6600036621094,263.1000061035156,259.8376159667969,25818500,,,,,0,0,0
2023-02-13,267.6400146484375,274.6000061035156,267.1499938964844,271.32000732421875,267.95562744140625,44630900,,,,,0,0,0
2023-02-14,272.6700134277344,274.9700012207031,269.2799987792969,272.1700134277344,268.7951354980469,37047900,,,,,0,0,0
2023-02-15,268.32000732421875,270.7300109863281,266.17999267578125,269.32000732421875,266.64666748046875,28922400,,,,,0,0,0
2023-02-16,264.0199890136719,266.739990234375,261.8999938964844,262.1499938964844,259.54779052734375,29603600,,,,,0,0,0
2023-02-17,259.3900146484375,260.0899963378906,256.0,258.05999755859375,255.4984130859375,30000100,,,,,0,0,0
2023-02-21,254.47999572753906,255.49000549316406,251.58999633789062,252.6699981689453,250.1619110107422,28397400,,,,,0,0,0
2023-02-22,254.08999633789062,254.33999633789062,250.33999633789062,251.50999450683594,249.013427734375,22491100,,,,,0,0,0
2023-02-23,255.55999755859375,256.8399963378906,250.47999572753906,254.77000427246094,252.24107360839844,29219100,,,,,0,0,0
2023-02-24,249.9600067138672,251.0,248.10000610351562,249.22000122070312,246.74615478515625,24990900,,,,,0,0,0
2023-02-27,252.4600067138672,252.82000732421875,249.38999938964844,250.16000366210938,247.6768341064453,21190000,,,,,0,0,0
2023-02-28,249.07000732421875,251.49000549316406,248.72999572753906,249.4199981689453,246.94418334960938,22491000,,,,,0,0,0
2023-03-01,250.75999450683594,250.92999267578125,245.7899932861328,246.27000427246094,243.82545471191406,27565300,,,,,0,0,0
2023-03-02,246.5500030517578,251.39999389648438,245.61000061035156,251.11000061035156,248.61740112304688,24808200,,,,,0,0,0
2023-03-03,252.19000244140625,255.6199951171875,251.38999938964844,255.2899932861328,252.75588989257812,30760100,,,,,0,0,0
2023-03-06,256.42999267578125,260.1199951171875,255.97999572753906,256.8699951171875,254.32022094726562,24109800,,,,,0,0,0
2023-03-07,256.29998779296875,257.69000244140625,253.38999938964844,254.14999389648438,251.62722778320312,21473200,,,,,0,0,0
2023-03-08,254.0399932861328,254.5399932861328,250.80999755859375,253.6999969482422,251.18170166015625,17340200,,,,,0,0,0
2023-03-09,255.82000732421875,259.55999755859375,251.5800018310547,252.32000732421875,249.81539916992188,26653400,,,,,0,0,0
2023-03-10,251.0800018310547,252.7899932861328,247.60000610351562,248.58999633789062,246.12240600585938,28333900,,,,,0,0,0
2023-03-13,247.39999389648438,257.9100036621094,245.72999572753906,253.9199981689453,251.39950561523438,33339700,,,,,0,0,0
2023-03-14,256.75,261.07000732421875,255.86000061035156,260.7900085449219,258.20135498046875,33620300,,,,,0,0,0
2023-03-15,259.9800109863281,266.4800109863281,259.2099914550781,265.44000244140625,262.80517578125,46028000,,,,,0,0,0
2023-03-16,265.2099914550781,276.55999755859375,263.2799987792969,276.20001220703125,273.4583435058594,54768800,,,,,0,0,0
2023-03-17,278.260009765625,283.3299865722656,276.32000732421875,279.42999267578125,276.6562805175781,69527400,,,,,0,0,0
2023-03-20,276.9800109863281,277.4800109863281,269.8500061035156,272.2300109863281,269.52777099609375,43466600,,,,,0,0,0
2023-03-21,274.8800048828125,275.0,269.5199890136719,273.7799987792969,271.0623779296875,34558700,,,,,0,0,0
2023-03-22,273.3999938964844,281.0400085449219,272.17999267578125,272.2900085449219,269.587158203125,34873300,,,,,0,0,0
2023-03-23,277.94000244140625,281.05999755859375,275.20001220703125,277.6600036621094,274.90386962890625,36610900,,,,,0,0,0
2023-03-24,277.239990234375,280.6300048828125,275.2799987792969,280.57000732421875,277.78497314453125,28172000,,,,,0,0,0
2023-03-27,280.5,281.4599914550781,275.5199890136719,276.3800048828125,273.6365661621094,26840200,,,,,0,0,0
2023-03-28,275.7900085449219,276.1400146484375,272.04998779296875,275.2300109863281,272.4980163574219,21878600,,,,,0,0,0
2023-03-29,278.9599914550781,281.1400146484375,278.4100036621094,280.510009765625,277.7255859375,25087000,,,,,0,0,0
2023-03-30,284.2300109863281,284.4599914550781,281.4800109863281,284.04998779296875,281.2303771972656,25053400,,,,,0,0,0
2023-03-31,283.7300109863281,289.2699890136719,283.0,288.29998779296875,285.438232421875,32766000,,,,,0,0,0
2023-04-03,286.5199890136719,288.2699890136719,283.95001220703125,287.2300109863281,284.37890625,24883300,,,,,0,0,0
2023-04-04,287.2300109863281,290.45001220703125,285.6700134277344,287.17999267578125,284.3293762207031,25824300,,,,,0,0,0
2023-04-05,285.8500061035156,287.1499938964844,282.9200134277344,284.3399963378906,281.51751708984375,22064800,,,,,0,0,0
2023-04-06,283.2099914550781,292.0799865722656,282.0299987792969,291.6000061035156,288.7054748535156,29770300,,,,,0,0,0
2023-04-10,289.2099914550781,289.6000061035156,284.7099914550781,289.3900146484375,286.5174255371094,23103000,,,,,0,0,0
2023-04-11,285.75,285.9800109863281,281.6400146484375,282.8299865722656,280.02252197265625,27276600,,,,,0,0,0
2023-04-12,284.7900085449219,287.010009765625,281.9599914550781,283.489990234375,280.67596435546875,27403400,,,,,0,0,0
2023-04-13,283.5899963378906,289.8999938964844,283.1700134277344,289.8399963378906,286.9629211425781,24222700,,,,,0,0,0
2023-04-14,287.0,288.4800109863281,283.69000244140625,286.1400146484375,283.29974365234375,20987900,,,,,0,0,0
2023-04-17,289.92999267578125,291.6000061035156,286.1600036621094,288.79998779296875,285.93328857421875,23836200,,,,,0,0,0
2023-04-18,291.57000732421875,291.760009765625,287.010009765625,288.3699951171875,285.5075378417969,20161800,,,,,0,0,0
2023-04-19,285.989990234375,289.04998779296875,284.5400085449219,288.45001220703125,285.5867919921875,17150300,,,,,0,0,0
2023-04-20,285.25,289.0299987792969,285.0799865722656,286.1099853515625,283.2699890136719,23244400,,,,,0,0,0
2023-04-21,285.010009765625,286.2699890136719,283.05999755859375,285.760009765625,282.9234924316406,21676400,,,,,0,0,0
2023-04-24,282.0899963378906,284.95001220703125,278.7200012207031,281.7699890136719,278.9730224609375,26611000,,,,,0,0,0
2023-04-25,279.510009765625,281.6000061035156,275.3699951171875,275.4200134277344,272.68609619140625,45772200,,,,,0,0,0
2023-04-26,296.70001220703125,299.57000732421875,292.7300109863281,295.3699951171875,292.43804931640625,64599200,,,,,0,0,0
2023-04-27,295.9700012207031,305.20001220703125,295.25,304.8299865722656,301.80419921875,46462600,,,,,0,0,0
2023-04-28,304.010009765625,308.92999267578125,303.30999755859375,307.260009765625,304.2100524902344,36446700,,,,,0,0,0
2023-05-01,306.9700012207031,308.6000061035156,305.1499938964844,305.55999755859375,302.52691650390625,21294100,,,,,0,0,0
2023-05-02,307.760009765625,309.17999267578125,303.9100036621094,305.4100036621094,302.3783874511719,26404400,,,,,0,0,0
2023-05-03,306.6199951171875,308.6099853515625,304.0899963378906,304.3999938964844,301.3784484863281,22360800,,,,,0,0,0
2023-05-04,306.239990234375,307.760009765625,303.3999938964844,305.4100036621094,302.3783874511719,22519900,,,,,0,0,0
2023-05-05,305.7200012207031,311.9700012207031,304.2699890136719,310.6499938964844,307.56640625,28181200,,,,,0,0,0
2023-05-08,310.1300048828125,310.20001220703125,306.0899963378906,308.6499938964844,305.5862731933594,21318600,,,,,0,0,0
2023-05-09,308.0,310.0400085449219,306.30999755859375,307.0,303.95263671875,21340800,,,,,0,0,0
2023-05-10,308.6199951171875,313.0,307.6700134277344,312.30999755859375,309.20989990234375,30078000,,,,,0,0,0
2023-05-11,310.1000061035156,311.1199951171875,306.260009765625,310.1099853515625,307.03173828125,31680200,,,,,0,0,0
2023-05-12,310.54998779296875,310.6499938964844,306.6000061035156,308.9700012207031,305.903076171875,19758100,,,,,0,0,0
2023-05-15,309.1000061035156,309.8999938964844,307.5899963378906,309.4599914550781,306.3882141113281,16336500,,,,,0,0,0
2023-05-16,309.8299865722656,313.7099914550781,309.8299865722656,311.739990234375,308.64556884765625,26730300,,,,,0,0,0
2023-05-17,312.2900085449219,314.42999267578125,310.739990234375,314.0,311.562744140625,24315000,,,,,0,0,0
2023-05-18,314.5299987792969,319.0400085449219,313.7200012207031,318.5199890136719,316.0476989746094,27276000,,,,,0,0,0
2023-05-19,316.739990234375,318.75,316.3699951171875,318.3399963378906,315.8690490722656,27529500,,,,,0,0,0
2023-05-22,318.6000061035156,322.5899963378906,318.010009765625,321.17999267578125,318.6870422363281,24115700,,,,,0,0,0
2023-05-23,320.0299987792969,322.7200012207031,315.25,315.260009765625,312.81298828125,30797200,,,,,0,0,0
2023-05-24,314.7300109863281,316.5,312.6099853515625,313.8500061035156,311.4139099121094,23384900,,,,,0,0,0
2023-05-25,323.239990234375,326.8999938964844,320.0,325.9200134277344,323.3902282714844,43301700,,,,,0,0,0
2023-05-26,324.0199890136719,333.3999938964844,323.8800048828125,332.8900146484375,330.30615234375,36630600,,,,,0,0,0
2023-05-30,335.2300109863281,335.739990234375,330.5199890136719,331.2099914550781,328.6391906738281,29503100,,,,,0,0,0
2023-05-31,332.2900085449219,335.94000244140625,327.3299865722656,328.3900146484375,325.841064453125,45950600,,,,,0,0,0
2023-06-01,325.92999267578125,333.5299987792969,324.7200012207031,332.5799865722656,329.9985046386719,26773900,,,,,0,0,0
2023-06-02,334.25,337.5,332.54998779296875,335.3999938964844,332.7966613769531,25864000,,,,,0,0,0
2023-06-05,335.2200012207031,338.55999755859375,334.6600036621094,335.94000244140625,333.33245849609375,21307100,,,,,0,0,0
2023-06-06,335.3299865722656,335.3699951171875,332.1700134277344,333.67999267578125,331.0899658203125,20396200,,,,,0,0,0
2023-06-07,331.6499938964844,334.489990234375,322.5,323.3800048828125,320.86993408203125,40717100,,,,,0,0,0
2023-06-08,323.94000244140625,326.6400146484375,323.3500061035156,325.260009765625,322.7353515625,23277700,335.94000244140625,240.22000122070312,288.0800018310547,,0,0,0
2023-06-09,324.989990234375,329.989990234375,324.4100036621094,326.7900085449219,324.25347900390625,22514900,335.94000244140625,240.61000061035156,288.2750015258789,,0,0,0
2023-06-12,328.5799865722656,332.1000061035156,325.1600036621094,331.8500061035156,329.2742004394531,24260300,335.94000244140625,240.61000061035156,288.2750015258789,,0,0,0
2023-06-13,334.4700012207031,336.9800109863281,330.3900146484375,334.2900085449219,331.6952819824219,22951300,335.94000244140625,240.61000061035156,288.2750015258789,,0,0,0
2023-06-14,334.3399963378906,339.0400085449219,332.80999755859375,337.3399963378906,334.7215881347656,26003800,335.94000244140625,242.7100067138672,289.3250045776367,,0,0,0
2023-06-15,337.4800109863281,349.8399963378906,337.20001220703125,348.1000061035156,345.3980712890625,38899100,337.3399963378906,242.7100067138672,290.0250015258789,,0,0,0
2023-06-16,351.32000732421875,351.4700012207031,341.95001220703125,342.3299865722656,339.6728210449219,46533600,348.1000061035156,242.7100067138672,295.4050064086914,,0,0,0
2023-06-20,339.30999755859375,342.0799865722656,335.8599853515625,338.04998779296875,335.4260559082031,26375400,348.1000061035156,246.27000427246094,297.1850051879883,,0,0,0
2023-06-21,336.3699951171875,337.7300109863281,332.07000732421875,333.55999755859375,330.97088623046875,25117800,348.1000061035156,246.27000427246094,297.1850051879883,,0,0,0
2023-06-22,334.1199951171875,340.1199951171875,333.3399963378906,339.7099914550781,337.0732116699219,23556800,348.1000061035156,246.27000427246094,297.1850051879883,,0,0,0
2023-06-23,334.3599853515625,337.9599914550781,333.45001220703125,335.0199890136719,332.4195861816406,23084700,348.1000061035156,246.27000427246094,297.1850051879883,,0,0,0
2023-06-26,333.7200012207031,336.1099853515625,328.489990234375,328.6000061035156,326.0494384765625,21520600,348.1000061035156,246.27000427246094,297.1850051879883,,0,0,0
2023-06-27,331.8599853515625,336.1499938964844,329.29998779296875,334.57000732421875,331.9731140136719,24354100,348.1000061035156,246.27000427246094,297.1850051879883,,0,0,0
2023-06-28,334.6600036621094,337.9800109863281,333.80999755859375,335.8500061035156,333.2431640625,20259500,348.1000061035156,246.27000427246094,297.1850051879883,,0,0,0
2023-06-29,334.7099914550781,336.1099853515625,332.6199951171875,335.04998779296875,332.4493408203125,16997000,348.1000061035156,246.27000427246094,297.1850051879883,,0,0,0
2023-06-30,337.75,342.7300109863281,337.20001220703125,340.5400085449219,337.8967590332031,26823800,348.1000061035156,246.27000427246094,297.1850051879883,,0,0,0
2023-07-03,339.19000244140625,340.8999938964844,336.57000732421875,337.989990234375,335.36651611328125,12508700,348.1000061035156,246.27000427246094,297.1850051879883,,0,0,0
2023-07-05,335.0899963378906,341.6499938964844,334.7300109863281,338.1499938964844,335.5252990722656,18172400,348.1000061035156,246.27000427246094,297.1850051879883,,0,0,0
2023-07-06,337.29998779296875,342.989990234375,335.5,341.2699890136719,338.6210632324219,28161200,348.1000061035156,246.27000427246094,297.1850051879883,,0,0,0
2023-07-07,339.32000732421875,341.7900085449219,337.0,337.2200012207031,334.6025085449219,21185300,348.1000061035156,246.27000427246094,297.1850051879883,,0,0,0
2023-07-10,334.6000061035156,335.2300109863281,327.5899963378906,331.8299865722656,329.25433349609375,32791400,348.1000061035156,246.27000427246094,297.1850051879883,,0,0,0
2023-07-11,331.05999755859375,332.8599853515625,327.0,332.4700012207031,329.8893737792969,26698200,348.1000061035156,246.27000427246094,297.1850051879883,,0,0,0
2023-07-12,336.6000061035156,341.6499938964844,335.6700134277344,337.20001220703125,334.58270263671875,29995300,348.1000061035156,246.27000427246094,297.1850051879883,,0,0,0
2023-07-13,339.55999755859375,343.739990234375,339.0199890136719,342.6600036621094,340.0002746582031,20567200,348.1000061035156,246.27000427246094,297.1850051879883,,0,0,0
2023-07-14,347.5899963378906,351.42999267578125,344.30999755859375,345.239990234375,342.5602722167969,28302200,348.1000061035156,246.27000427246094,297.1850051879883,,0,0,0
2023-07-17,345.67999267578125,346.989990234375,342.20001220703125,345.7300109863281,343.0465087890625,20363900,348.1000061035156,246.27000427246094,297.1850051879883,,0,0,0
2023-07-18,345.8299865722656,366.7799987792969,342.1700134277344,359.489990234375,356.69964599609375,64872700,348.1000061035156,246.27000427246094,297.1850051879883,,0,0,0
2023-07-19,361.75,362.4599914550781,352.44000244140625,355.0799865722656,352.3238830566406,39732900,359.489990234375,246.27000427246094,302.87999725341797,,0,0,0
2023-07-20,353.57000732421875,357.9700012207031,345.3699951171875,346.8699951171875,344.1776123046875,33778400,359.489990234375,248.58999633789062,304.0399932861328,,0,0,0
2023-07-21,349.1499938964844,350.29998779296875,339.8299865722656,343.7699890136719,341.1016845703125,69368900,359.489990234375,248.58999633789062,304.0399932861328,,0,0,0
2023-07-24,345.8500061035156,346.9200134277344,342.30999755859375,345.1099853515625,342.4312744140625,26678100,359.489990234375,248.58999633789062,304.0399932861328,,0,0,0
2023-07-25,347.1099853515625,351.8900146484375,345.07000732421875,350.9800109863281,348.2557067871094,41637700,359.489990234375,248.58999633789062,304.0399932861328,,0,0,0
2023-07-26,341.44000244140625,344.6700134277344,333.1099853515625,337.7699890136719,335.1482238769531,58383700,359.489990234375,248.58999633789062,304.0399932861328,,0,0,0
2023-07-27,340.4800109863281,341.3299865722656,329.04998779296875,330.7200012207031,328.1529541015625,39635300,359.489990234375,248.58999633789062,304.0399932861328,,0,0,0
2023-07-28,333.6700134277344,340.010009765625,333.1700134277344,338.3699951171875,335.7435607910156,28484900,359.489990234375,248.58999633789062,304.0399932861328,,0,0,0
2023-07-31,336.9200134277344,337.70001220703125,333.3599853515625,335.9200134277344,333.3126220703125,25446000,359.489990234375,253.9199981689453,306.70499420166016,,0,0,0
2023-08-01,335.19000244140625,338.5400085449219,333.70001220703125,336.3399963378906,333.7293395996094,18311900,359.489990234375,260.7900085449219,310.13999938964844,,0,0,0
2023-08-02,333.6300048828125,333.6300048828125,326.3599853515625,327.5,324.9579772949219,27761300,359.489990234375,265.44000244140625,312.4649963378906,,0,0,0
2023-08-03,326.0,329.8800048828125,325.95001220703125,326.6600036621094,324.12445068359375,18253700,359.489990234375,272.2300109863281,315.86000061035156,,0,0,0
2023-08-04,331.8800048828125,335.1400146484375,327.239990234375,327.7799987792969,325.23577880859375,23727700,359.489990234375,272.2300109863281,315.86000061035156,,0,0,0
2023-08-07,328.3699951171875,331.1099853515625,327.5199890136719,330.1099853515625,327.54766845703125,17741500,359.489990234375,272.2300109863281,315.86000061035156,,0,0,0
2023-08-08,326.9599914550781,328.75,323.0,326.04998779296875,323.5191955566406,22327600,359.489990234375,272.2900085449219,315.88999938964844,,0,0,0
2023-08-09,326.4700012207031,327.1099853515625,321.04998779296875,322.2300109863281,319.7288818359375,22373300,359.489990234375,272.2900085449219,315.88999938964844,,0,0,0
2023-08-10,326.0199890136719,328.260009765625,321.17999267578125,322.92999267578125,320.4234313964844,20113700,359.489990234375,275.2300109863281,317.36000061035156,,0,0,0
2023-08-11,320.260009765625,322.4100036621094,319.2099914550781,321.010009765625,318.5183410644531,24342600,359.489990234375,275.2300109863281,317.36000061035156,,0,0,0
2023-08-14,321.3900146484375,324.05999755859375,320.0799865722656,324.0400085449219,321.5248718261719,18836100,359.489990234375,275.2300109863281,317.36000061035156,,0,0,0
2023-08-15,323.0,325.0899963378906,320.8999938964844,321.8599853515625,319.3617248535156,16966300,359.489990234375,275.2300109863281,317.36000061035156,,0,0,0
2023-08-16,320.79998779296875,324.4200134277344,319.79998779296875,320.3999938964844,318.5861511230469,20698900,359.489990234375,275.4200134277344,317.4550018310547,,0,0,0
2023-08-17,320.5400085449219,321.8699951171875,316.2099914550781,316.8800048828125,315.08612060546875,21257200,359.489990234375,275.4200134277344,317.4550018310547,,0,0,0
2023-08-18,314.489990234375,318.3800048828125,311.54998779296875,316.4800109863281,314.6883544921875,24744800,359.489990234375,275.4200134277344,317.4550018310547,,0,0,0
2023-08-21,317.92999267578125,322.7699890136719,317.0400085449219,321.8800048828125,320.05780029296875,24040000,359.489990234375,275.4200134277344,317.4550018310547,,0,0,0
2023-08-22,325.5,326.0799865722656,321.4599914550781,322.4599914550781,320.6344909667969,16102000,359.489990234375,275.4200134277344,317.4550018310547,,0,0,0
2023-08-23,323.82000732421875,329.20001220703125,323.4599914550781,327.0,325.1488037109375,21166400,359.489990234375,275.4200134277344,317.4550018310547,,0,0,0
2023-08-24,332.8500061035156,332.9800109863281,319.9599914550781,319.9700012207031,318.1585998535156,23281400,359.489990234375,275.4200134277344,317.4550018310547,,0,0,0
2023-08-25,321.4700012207031,325.3599853515625,318.79998779296875,322.9800109863281,321.15155029296875,21684100,359.489990234375,275.4200134277344,317.4550018310547,,0,0,0
2023-08-28,325.6600036621094,326.1499938964844,321.7200012207031,323.70001220703125,321.86749267578125,14808500,359.489990234375,275.4200134277344,317.4550018310547,,0,0,0
2023-08-29,321.8800048828125,328.9800109863281,321.8800048828125,328.4100036621094,326.5508117675781,19284600,359.489990234375,275.4200134277344,317.4550018310547,,0,0,0
2023-08-30,328.6700134277344,329.80999755859375,326.45001220703125,328.7900085449219,326.92864990234375,15222100,359.489990234375,275.4200134277344,317.4550018310547,,0,0,0
2023-08-31,329.20001220703125,330.9100036621094,326.7799987792969,327.760009765625,325.9045104980469,26411000,359.489990234375,275.4200134277344,317.4550018310547,,0,0,0
2023-09-01,331.30999755859375,331.989990234375,326.7799987792969,328.6600036621094,326.7994079589844,14931200,359.489990234375,275.4200134277344,317.4550018310547,,0,0,0
2023-09-05,329.0,334.8500061035156,328.6600036621094,333.54998779296875,331.6617126464844,18553900,359.489990234375,275.4200134277344,317.4550018310547,,0,0,0
2023-09-06,333.3800048828125,334.4599914550781,330.17999267578125,332.8800048828125,330.99554443359375,17535800,359.489990234375,275.4200134277344,317.4550018310547,,0,0,0
2023-09-07,331.2900085449219,333.0799865722656,329.0299987792969,329.9100036621094,328.0423278808594,18381000,359.489990234375,275.4200134277344,317.4550018310547,,0,0,0
2023-09-08,330.0899963378906,336.1600036621094,329.4599914550781,334.2699890136719,332.37762451171875,19530100,359.489990234375,275.4200134277344,317.4550018310547,,0,0,0
2023-09-11,337.239990234375,338.4200134277344,335.42999267578125,337.94000244140625,336.02685546875,16583300,359.489990234375,275.4200134277344,317.4550018310547,,0,0,0
2023-09-12,335.82000732421875,336.7900085449219,331.4800109863281,331.7699890136719,329.89178466796875,17565500,359.489990234375,275.4200134277344,317.4550018310547,,0,0,0
2023-09-13,331.30999755859375,336.8500061035156,331.1700134277344,336.05999755859375,334.1575012207031,16544400,359.489990234375,295.3699951171875,327.42999267578125,,0,0,0
2023-09-14,339.1499938964844,340.8599853515625,336.57000732421875,338.70001220703125,336.7825622558594,20267000,359.489990234375,304.3999938964844,331.9449920654297,,0,0,0
2023-09-15,336.9200134277344,337.3999938964844,329.6499938964844,330.2200012207031,328.3505859375,37666900,359.489990234375,304.3999938964844,331.9449920654297,,0,0,0
2023-09-18,327.79998779296875,330.3999938964844,326.3599853515625,329.05999755859375,327.1971435546875,16834200,359.489990234375,304.3999938964844,331.9449920654297,,0,0,0
2023-09-19,326.1700134277344,329.3900146484375,324.510009765625,328.6499938964844,326.7894592285156,16505900,359.489990234375,304.3999938964844,331.9449920654297,,0,0,0
2023-09-20,329.510009765625,329.5899963378906,320.510009765625,320.7699890136719,318.9540710449219,21436500,359.489990234375,304.3999938964844,331.9449920654297,,0,0,0
2023-09-21,319.260009765625,325.3500061035156,315.0,319.5299987792969,317.7210693359375,35529500,359.489990234375,305.4100036621094,332.4499969482422,,0,0,0
2023-09-22,321.32000732421875,321.45001220703125,316.1499938964844,317.010009765625,315.2153625488281,21447900,359.489990234375,307.0,333.2449951171875,,0,0,0
2023-09-25,316.5899963378906,317.6700134277344,315.0,317.5400085449219,315.74237060546875,17836000,359.489990234375,307.0,333.2449951171875,,0,0,0
2023-09-26,315.1300048828125,315.8800048828125,310.0199890136719,312.1400146484375,310.3729553222656,26297600,359.489990234375,307.0,333.2449951171875,,0,0,0
2023-09-27,312.29998779296875,314.29998779296875,309.69000244140625,312.7900085449219,311.0192565917969,19410100,359.489990234375,308.9700012207031,334.22999572753906,,0,0,0
2023-09-28,310.989990234375,315.4800109863281,309.45001220703125,313.6400146484375,311.86444091796875,19683600,359.489990234375,308.9700012207031,334.22999572753906,,0,0,0
2023-09-29,317.75,319.4700012207031,314.9800109863281,315.75,313.96246337890625,24140300,359.489990234375,308.9700012207031,334.22999572753906,,0,0,0
2023-10-02,316.2799987792969,321.8900146484375,315.17999267578125,321.79998779296875,319.9782409667969,20570000,359.489990234375,309.4599914550781,334.47499084472656,,0,0,0
2023-10-03,320.8299865722656,321.3900146484375,311.2099914550781,313.3900146484375,311.6158752441406,21033500,359.489990234375,311.739990234375,335.614990234375,,0,0,0
2023-10-04,314.0299987792969,320.0400085449219,314.0,318.9599914550781,317.1543273925781,20720100,359.489990234375,312.1400146484375,335.81500244140625,,0,0,0
2023-10-05,319.0899963378906,319.9800109863281,314.8999938964844,319.3599853515625,317.5520324707031,16965600,359.489990234375,312.1400146484375,335.81500244140625,,0,0,0
2023-10-06,316.54998779296875,329.19000244140625,316.29998779296875,327.260009765625,325.4073486328125,25645500,359.489990234375,312.1400146484375,335.81500244140625,,0,0,0
2023-10-09,324.75,330.29998779296875,323.17999267578125,329.82000732421875,327.95281982421875,19891200,359.489990234375,312.1400146484375,335.81500244140625,,0,0,0
2023-10-10,330.9599914550781,331.1000061035156,327.6700134277344,328.3900146484375,326.53094482421875,20557100,359.489990234375,312.1400146484375,335.81500244140625,,0,0,0
2023-10-11,331.2099914550781,332.82000732421875,329.1400146484375,332.4200134277344,330.53814697265625,20063200,359.489990234375,312.1400146484375,335.81500244140625,,0,0,0
2023-10-12,330.57000732421875,333.6300048828125,328.7200012207031,331.1600036621094,329.2852478027344,19313100,359.489990234375,312.1400146484375,335.81500244140625,,0,0,0
2023-10-13,332.3800048828125,333.8299865722656,326.3599853515625,327.7300109863281,325.87469482421875,21072400,359.489990234375,312.1400146484375,335.81500244140625,,0,0,0
2023-10-16,331.04998779296875,336.1400146484375,330.6000061035156,332.6400146484375,330.7568664550781,22158000,359.489990234375,312.1400146484375,335.81500244140625,,0,0,0
2023-10-17,329.5899963378906,333.4599914550781,327.4100036621094,332.05999755859375,330.1801452636719,18338500,359.489990234375,312.1400146484375,335.81500244140625,,0,0,0
2023-10-18,332.489990234375,335.5899963378906,328.29998779296875,330.1099853515625,328.2411804199219,23153600,359.489990234375,312.1400146484375,335.81500244140625,,0,0,0
2023-10-19,332.1499938964844,336.8800048828125,330.9100036621094,331.32000732421875,329.4443664550781,25052100,359.489990234375,312.1400146484375,335.81500244140625,,0,0,0
2023-10-20,331.7200012207031,331.9200134277344,325.45001220703125,326.6700134277344,324.8206787109375,25012600,359.489990234375,312.1400146484375,335.81500244140625,,0,0,0
2023-10-23,325.4700012207031,332.7300109863281,324.3900146484375,329.32000732421875,327.4556579589844,24374700,359.489990234375,312.1400146484375,335.81500244140625,,0,0,0
2023-10-24,331.29998779296875,331.8399963378906,327.6000061035156,330.5299987792969,328.6588134765625,31153600,359.489990234375,312.1400146484375,335.81500244140625,,0,0,0
2023-10-25,345.0199890136719,346.20001220703125,337.6199951171875,340.6700134277344,338.7414245605469,55053800,359.489990234375,312.1400146484375,335.81500244140625,,0,0,0
2023-10-26,340.5400085449219,341.6300048828125,326.94000244140625,327.8900146484375,326.0337829589844,37828500,359.489990234375,312.1400146484375,335.81500244140625,,0,0,0
2023-10-27,330.42999267578125,336.7200012207031,328.3999938964844,329.80999755859375,327.9429016113281,29856500,359.489990234375,312.1400146484375,335.81500244140625,,0,0,0
2023-10-30,333.4100036621094,339.45001220703125,331.8299865722656,337.30999755859375,335.4004211425781,22828100,359.489990234375,312.1400146484375,335.81500244140625,,0,0,0
2023-10-31,338.8500061035156,339.0,334.69000244140625,338.1099853515625,336.1958923339844,20265300,359.489990234375,312.1400146484375,335.81500244140625,,0,0,0
2023-11-01,339.7900085449219,347.4200134277344,339.6499938964844,346.07000732421875,344.1108703613281,28158800,359.489990234375,312.1400146484375,335.81500244140625,,0,0,0
2023-11-02,347.239990234375,348.8299865722656,344.7699890136719,348.32000732421875,346.34814453125,24348100,359.489990234375,312.1400146484375,335.81500244140625,,0,0,0
2023-11-03,349.6300048828125,354.3900146484375,347.3299865722656,352.79998779296875,350.802734375,23624000,359.489990234375,312.1400146484375,335.81500244140625,307.77290046691894,0,0,0
2023-11-06,353.45001220703125,357.5400085449219,353.3500061035156,356.5299987792969,354.5116271972656,23828300,359.489990234375,312.1400146484375,335.81500244140625,308.3544504547119,0,0,0
2023-11-07,359.3999938964844,362.4599914550781,357.6300048828125,360.5299987792969,358.4889831542969,25833900,359.489990234375,312.1400146484375,335.81500244140625,308.94420043945314,1,0,1
2023-11-08,361.67999267578125,363.8699951171875,360.54998779296875,363.20001220703125,361.1438903808594,26767800,360.5299987792969,312.1400146484375,336.3350067138672,309.55000053405763,1,0,1
2023-11-09,362.29998779296875,364.7900085449219,360.3599853515625,360.69000244140625,358.6480712890625,24847300,363.20001220703125,312.1400146484375,337.6700134277344,310.15040054321287,0,0,0
2023-11-10,361.489990234375,370.1000061035156,361.07000732421875,369.6700134277344,367.5772399902344,28042100,363.20001220703125,312.1400146484375,337.6700134277344,310.75875061035157,1,0,1
2023-11-13,368.2200012207031,368.4700012207031,365.8999938964844,366.67999267578125,364.6041564941406,19986500,369.6700134277344,312.1400146484375,340.90501403808594,311.3513505554199,0,0,0
2023-11-14,371.010009765625,371.95001220703125,367.3500061035156,370.2699890136719,368.173828125,27683900,369.6700134277344,312.1400146484375,340.90501403808594,311.98915046691894,1,0,1
2023-11-15,371.2799987792969,373.1300048828125,367.1099853515625,369.6700134277344,368.32330322265625,26860100,370.2699890136719,312.1400146484375,341.2050018310547,312.59845054626464,0,0,0
2023-11-16,370.9599914550781,376.3500061035156,370.17999267578125,376.1700134277344,374.7996520996094,27182300,370.2699890136719,312.1400146484375,341.2050018310547,313.2155506134033,1,0,1
2023-11-17,373.6099853515625,374.3699951171875,367.0,369.8500061035156,368.5026550292969,40157000,376.1700134277344,312.1400146484375,344.15501403808594,313.7418006134033,0,0,0
2023-11-20,371.2200012207031,378.8699951171875,371.0,377.44000244140625,376.06500244140625,52465100,376.1700134277344,312.1400146484375,344.15501403808594,314.33725059509277,1,0,1
2023-11-21,375.6700134277344,376.2200012207031,371.1199951171875,373.07000732421875,371.7109375,28423100,377.44000244140625,312.1400146484375,344.7900085449219,314.9187506866455,0,0,0
2023-11-22,378.0,379.7900085449219,374.9700012207031,377.8500061035156,376.4735107421875,23345300,377.44000244140625,312.1400146484375,344.7900085449219,315.4702007293701,1,0,1
2023-11-24,377.3299865722656,377.9700012207031,375.1400146484375,377.42999267578125,376.05499267578125,10176600,377.8500061035156,312.1400146484375,344.99501037597656,316.0237006378174,0,0,0
2023-11-27,376.7799987792969,380.6400146484375,376.20001220703125,378.6099853515625,377.230712890625,22179200,377.8500061035156,312.1400146484375,344.99501037597656,316.59865058898924,1,0,1
2023-11-28,378.3500061035156,383.0,378.1600036621094,382.70001220703125,381.3058166503906,20453100,378.6099853515625,312.1400146484375,345.375,317.19665061950684,1,0,1
2023-11-29,383.760009765625,384.29998779296875,377.44000244140625,378.8500061035156,377.4698791503906,28963400,382.70001220703125,312.1400146484375,347.4200134277344,317.7343006134033,0,0,0
2023-11-30,378.489990234375,380.0899963378906,375.4700012207031,378.9100036621094,377.5296325683594,30554400,382.70001220703125,312.1400146484375,347.4200134277344,318.2680005645752,0,0,0
2023-12-01,376.760009765625,378.1600036621094,371.30999755859375,374.510009765625,373.14569091796875,33020400,382.70001220703125,312.1400146484375,347.4200134277344,318.7939505767822,0,0,0
2023-12-04,369.1000061035156,369.5199890136719,362.8999938964844,369.1400146484375,367.79522705078125,32063300,382.70001220703125,312.1400146484375,347.4200134277344,319.328900680542,0,0,0
2023-12-05,366.45001220703125,373.0799865722656,365.6199951171875,372.5199890136719,371.16290283203125,23065000,382.70001220703125,312.1400146484375,347.4200134277344,319.9012006378174,0,0,0
2023-12-06,373.5400085449219,374.17999267578125,368.0299987792969,368.79998779296875,367.45648193359375,21182100,382.70001220703125,312.1400146484375,347.4200134277344,320.4818505859375,0,0,0
2023-12-07,368.2300109863281,371.45001220703125,366.32000732421875,370.95001220703125,369.5986633300781,23118900,382.70001220703125,312.1400146484375,347.4200134277344,321.07905067443846,0,0,0
2023-12-08,369.20001220703125,374.4599914550781,368.2300109863281,374.2300109863281,372.86669921875,20144800,382.70001220703125,312.1400146484375,347.4200134277344,321.6763507080078,0,0,0
2023-12-11,368.4800109863281,371.6000061035156,366.1000061035156,371.29998779296875,369.9473571777344,27708800,382.70001220703125,312.1400146484375,347.4200134277344,322.2867506408691,0,0,0
2023-12-12,370.8500061035156,374.4200134277344,370.4599914550781,374.3800048828125,373.0161437988281,24838300,382.70001220703125,312.1400146484375,347.4200134277344,322.90785064697263,0,0,0
2023-12-13,376.0199890136719,377.6400146484375,370.7699890136719,374.3699951171875,373.00616455078125,30955500,382.70001220703125,312.1400146484375,347.4200134277344,323.5326006317139,0,0,0
2023-12-14,373.30999755859375,373.760009765625,364.1300048828125,365.92999267578125,364.596923828125,43277500,382.70001220703125,312.1400146484375,347.4200134277344,324.13090057373046,0,0,0
2023-12-15,366.8500061035156,372.3999938964844,366.2799987792969,370.7300109863281,369.37945556640625,78478200,382.70001220703125,312.1400146484375,347.4200134277344,324.72900062561035,0,0,0
2023-12-18,369.45001220703125,373.0,368.67999267578125,372.6499938964844,371.29241943359375,21802900,382.70001220703125,312.1400146484375,347.4200134277344,325.3158006286621,0,0,0
2023-12-19,371.489990234375,373.260009765625,369.8399963378906,373.260009765625,371.90020751953125,20603700,382.70001220703125,312.1400146484375,347.4200134277344,325.8977507019043,0,0,0
2023-12-20,375.0,376.0299987792969,370.5299987792969,370.6199951171875,369.26983642578125,26316700,382.70001220703125,312.1400146484375,347.4200134277344,326.4801007080078,0,0,0
2023-12-21,372.55999755859375,374.4100036621094,370.0400085449219,373.5400085449219,372.17919921875,17708000,382.70001220703125,312.1400146484375,347.4200134277344,327.0793007659912,0,0,0
2023-12-22,373.67999267578125,375.17999267578125,372.7099914550781,374.5799865722656,373.2154235839844,17091100,382.70001220703125,312.1400146484375,347.4200134277344,327.6906006622314,0,0,0
2023-12-26,375.0,376.94000244140625,373.5,374.6600036621094,373.2951354980469,12673100,382.70001220703125,312.1400146484375,347.4200134277344,328.3209506988525,0,0,0
2023-12-27,373.69000244140625,375.05999755859375,372.80999755859375,374.07000732421875,372.707275390625,14905400,382.70001220703125,312.1400146484375,347.4200134277344,328.9217007446289,0,0,0
2023-12-28,375.3699951171875,376.4599914550781,374.1600036621094,375.2799987792969,373.912841796875,14327000,382.70001220703125,312.1400146484375,347.4200134277344,329.4941506958008,0,0,0
2023-12-29,376.0,377.1600036621094,373.4800109863281,376.0400085449219,374.6700744628906,18723000,382.70001220703125,312.1400146484375,347.4200134277344,330.04715072631836,0,0,0
2024-01-02,373.8599853515625,375.8999938964844,366.7699890136719,370.8699951171875,369.5189208984375,25258600,382.70001220703125,312.1400146484375,347.4200134277344,330.52050064086916,0,0,0
2024-01-03,369.010009765625,373.260009765625,368.510009765625,370.6000061035156,369.2499084472656,23083500,382.70001220703125,312.1400146484375,347.4200134277344,330.9763507080078,0,0,0
2024-01-04,370.6700134277344,373.1000061035156,367.1700134277344,367.94000244140625,366.5995788574219,20901500,382.70001220703125,312.1400146484375,347.4200134277344,331.4549006652832,0,0,0
2024-01-05,368.9700012207031,372.05999755859375,366.5,367.75,366.4102783203125,20987000,382.70001220703125,312.1400146484375,347.4200134277344,331.92475067138673,0,0,0
2024-01-08,369.29998779296875,375.20001220703125,369.010009765625,374.69000244140625,373.32501220703125,23134000,382.70001220703125,312.1400146484375,347.4200134277344,332.43675064086915,0,0,0
2024-01-09,372.010009765625,375.989990234375,371.19000244140625,375.7900085449219,374.4210205078125,20830000,382.70001220703125,312.1400146484375,347.4200134277344,332.9274006652832,0,0,0
2024-01-10,376.3699951171875,384.1700134277344,376.32000732421875,382.7699890136719,381.37554931640625,25514200,382.70001220703125,312.1400146484375,347.4200134277344,333.43840057373046,1,0,1
2024-01-11,386.0,390.67999267578125,380.3800048828125,384.6300048828125,383.22882080078125,27850800,382.7699890136719,312.1400146484375,347.4550018310547,333.97965057373045,1,0,1
2024-01-12,385.489990234375,388.67999267578125,384.6499938964844,388.4700012207031,387.0548095703125,21645700,384.6300048828125,312.1400146484375,348.385009765625,334.54585052490233,1,0,1
2024-01-16,393.6600036621094,394.0299987792969,387.6199951171875,390.2699890136719,388.8482360839844,27202300,388.4700012207031,312.1400146484375,350.3050079345703,335.0946504211426,1,0,1
2024-01-17,387.9800109863281,390.1099853515625,384.80999755859375,389.4700012207031,388.0511779785156,22234100,390.2699890136719,312.1400146484375,351.2050018310547,335.62175048828124,0,0,0
2024-01-18,391.7200012207031,393.989990234375,390.1199951171875,393.8699951171875,392.43511962890625,23392100,390.2699890136719,312.1400146484375,351.2050018310547,336.1496005249023,1,0,1
2024-01-19,395.760009765625,398.6700134277344,393.5,398.6700134277344,397.2176513671875,29272000,393.8699951171875,312.1400146484375,353.0050048828125,336.70680053710936,1,0,1
2024-01-22,400.0199890136719,400.6199951171875,393.5899963378906,396.510009765625,395.0655517578125,27016900,398.6700134277344,312.1400146484375,355.40501403808594,337.2534506225586,0,0,0
2024-01-23,395.75,399.3800048828125,393.92999267578125,398.8999938964844,397.4468078613281,20525900,398.6700134277344,312.1400146484375,355.40501403808594,337.82625061035156,1,0,1
2024-01-24,401.5400085449219,405.6300048828125,400.45001220703125,402.55999755859375,401.0934753417969,24867000,398.8999938964844,312.1400146484375,355.52000427246094,338.38105056762697,1,0,1
2024-01-25,404.32000732421875,407.010009765625,402.5299987792969,404.8699951171875,403.3950500488281,21021200,402.55999755859375,312.1400146484375,357.3500061035156,338.9584504699707,1,0,1
2024-01-26,404.3699951171875,406.1700134277344,402.42999267578125,403.92999267578125,402.45849609375,17803300,404.8699951171875,312.1400146484375,358.5050048828125,339.56395050048826,0,0,0
2024-01-29,406.05999755859375,409.9800109863281,404.3299865722656,409.7200012207031,408.2273864746094,24510200,404.8699951171875,312.1400146484375,358.5050048828125,340.1951005554199,1,0,1
2024-01-30,412.260009765625,413.04998779296875,406.45001220703125,408.5899963378906,407.10150146484375,33477600,409.7200012207031,312.1400146484375,360.9300079345703,340.7888505554199,0,0,0
2024-01-31,406.9599914550781,415.32000732421875,397.2099914550781,397.5799865722656,396.1316223144531,47871100,409.7200012207031,312.1400146484375,360.9300079345703,341.3460504150391,0,0,0
2024-02-01,401.8299865722656,408.0,401.79998779296875,403.7799987792969,402.3090515136719,30657700,409.7200012207031,312.1400146484375,360.9300079345703,341.9209504699707,0,0,0
2024-02-02,403.80999755859375,412.6499938964844,403.55999755859375,411.2200012207031,409.721923828125,28245000,409.7200012207031,312.1400146484375,360.9300079345703,342.53520050048826,1,0,1
2024-02-05,409.8999938964844,411.1600036621094,403.989990234375,405.6499938964844,404.1722106933594,25352300,411.2200012207031,312.1400146484375,361.6800079345703,343.1212004089355,0,0,0
2024-02-06,405.8800048828125,407.9700012207031,402.9100036621094,405.489990234375,404.0127868652344,18382600,411.2200012207031,312.1400146484375,361.6800079345703,343.7181004333496,0,0,0
2024-02-07,407.44000244140625,414.29998779296875,407.3999938964844,414.04998779296875,412.5416259765625,22340500,411.2200012207031,312.1400146484375,361.6800079345703,344.3595503234863,1,0,1
2024-02-08,414.04998779296875,415.55999755859375,412.5299987792969,414.1099853515625,412.60137939453125,21225300,414.04998779296875,312.1400146484375,363.0950012207031,345.0212503051758,1,0,1
2024-02-09,415.25,420.82000732421875,415.0899963378906,420.54998779296875,419.0179138183594,22032800,414.1099853515625,312.1400146484375,363.125,345.746900177002,1,0,1
2024-02-12,420.55999755859375,420.739990234375,414.75,415.260009765625,413.7471923828125,21202900,420.54998779296875,312.1400146484375,366.3450012207031,346.34635025024414,0,0,0
2024-02-13,404.94000244140625,410.07000732421875,403.3900146484375,406.32000732421875,404.83978271484375,27824900,420.54998779296875,312.1400146484375,366.3450012207031,346.8538003540039,0,0,0
2024-02-14,408.07000732421875,409.8399963378906,404.57000732421875,409.489990234375,408.7527160644531,20401200,420.54998779296875,312.7900085449219,366.6699981689453,347.36495025634764,0,0,0
2024-02-15,408.1400146484375,409.1300048828125,404.2900085449219,406.55999755859375,405.8280029296875,21825500,420.54998779296875,313.3900146484375,366.9700012207031,347.86995025634764,0,0,0
2024-02-16,407.9599914550781,408.2900085449219,403.44000244140625,404.05999755859375,403.3324890136719,22281100,420.54998779296875,313.3900146484375,366.9700012207031,348.3632002258301,0,0,0
2024-02-20,403.239990234375,404.489990234375,398.010009765625,402.7900085449219,402.0647888183594,24307900,420.54998779296875,313.3900146484375,366.9700012207031,348.85515029907225,0,0,0
2024-02-21,400.1700134277344,402.2900085449219,397.2200012207031,402.17999267578125,401.45587158203125,18631100,420.54998779296875,313.3900146484375,366.9700012207031,349.3390002441406,0,0,0
2024-02-22,410.19000244140625,412.8299865722656,408.57000732421875,411.6499938964844,410.9088134765625,27009900,420.54998779296875,318.9599914550781,369.75498962402344,349.8440002441406,0,0,0
2024-02-23,415.6700134277344,415.8599853515625,408.9700012207031,410.3399963378906,409.6011962890625,16295900,420.54998779296875,319.3599853515625,369.9549865722656,350.35245025634765,0,0,0
2024-02-26,411.4599914550781,412.1600036621094,407.3599853515625,407.5400085449219,406.8062438964844,16193500,420.54998779296875,326.6700134277344,373.61000061035156,350.85515029907225,0,0,0
2024-02-27,407.989990234375,408.32000732421875,403.8500061035156,407.4800109863281,406.746337890625,14835800,420.54998779296875,326.6700134277344,373.61000061035156,351.33100036621096,0,0,0
2024-02-28,408.17999267578125,409.29998779296875,405.32000732421875,407.7200012207031,406.98590087890625,13183100,420.54998779296875,326.6700134277344,373.61000061035156,351.8190504455566,0,0,0
2024-02-29,408.6400146484375,414.20001220703125,405.9200134277344,413.6400146484375,412.895263671875,31947300,420.54998779296875,326.6700134277344,373.61000061035156,352.3424005126953,0,0,0
2024-03-01,411.2699890136719,415.8699951171875,410.8800048828125,415.5,414.75189208984375,17800300,420.54998779296875,326.6700134277344,373.61000061035156,352.8726005554199,0,0,0
2024-03-04,413.44000244140625,417.3500061035156,412.32000732421875,414.9200134277344,414.1729736328125,17596000,420.54998779296875,326.6700134277344,373.61000061035156,353.38850067138674,0,0,0
2024-03-05,413.9599914550781,414.25,400.6400146484375,402.6499938964844,401.9250183105469,26919200,420.54998779296875,326.6700134277344,373.61000061035156,353.83175064086913,0,0,0
2024-03-06,402.9700012207031,405.1600036621094,398.3900146484375,402.0899963378906,401.36602783203125,22344100,420.54998779296875,326.6700134277344,373.61000061035156,354.2496006774902,0,0,0
2024-03-07,406.1199951171875,409.7799987792969,402.239990234375,409.1400146484375,408.40338134765625,18718500,420.54998779296875,326.6700134277344,373.61000061035156,354.70360076904296,0,0,0
2024-03-08,407.9599914550781,410.4200134277344,404.3299865722656,406.2200012207031,405.4886169433594,17971700,420.54998779296875,326.6700134277344,373.61000061035156,355.1288008117676,0,0,0
2024-03-11,403.760009765625,405.67999267578125,401.260009765625,404.5199890136719,403.7916564941406,16120800,420.54998779296875,326.6700134277344,373.61000061035156,355.5751007080078,0,0,0
2024-03-12,407.6199951171875,415.57000732421875,406.7900085449219,415.2799987792969,414.53228759765625,22457000,420.54998779296875,327.8900146484375,374.2200012207031,356.0822506713867,0,0,0
2024-03-13,418.1000061035156,418.17999267578125,411.45001220703125,415.1000061035156,414.3526306152344,17115900,420.54998779296875,327.8900146484375,374.2200012207031,356.5281506347656,0,0,0
2024-03-14,420.239990234375,427.82000732421875,417.989990234375,425.2200012207031,424.45440673828125,34157300,420.54998779296875,327.8900146484375,374.2200012207031,356.98980056762696,1,0,1
2024-03-15,419.2900085449219,422.6000061035156,412.7900085449219,416.4200134277344,415.6702575683594,45049800,425.2200012207031,327.8900146484375,376.5550079345703,357.41585067749025,0,0,0
2024-03-18,414.25,420.7300109863281,413.7799987792969,417.32000732421875,416.5686340332031,20106000,425.2200012207031,329.80999755859375,377.51499938964844,357.86050064086913,0,0,0
2024-03-19,417.8299865722656,421.6700134277344,415.54998779296875,421.4100036621094,420.6512756347656,19837900,425.2200012207031,337.30999755859375,381.26499938964844,358.30465072631836,0,0,0
2024-03-20,422.0,425.9599914550781,420.6600036621094,425.2300109863281,424.4643859863281,17860100,425.2200012207031,338.1099853515625,381.6649932861328,358.7538008117676,1,0,1
2024-03-21,429.8299865722656,430.82000732421875,427.1600036621094,429.3699951171875,428.596923828125,21296200,425.2300109863281,346.07000732421875,385.65000915527344,359.2209507751465,1,0,1
2024-03-22,429.70001220703125,429.8599853515625,426.07000732421875,428.739990234375,427.9680480957031,17636500,429.3699951171875,348.32000732421875,388.8450012207031,359.6962507629394,0,0,0
2024-03-25,425.239990234375,427.4100036621094,421.6099853515625,422.8599853515625,422.0986328125,18060500,429.3699951171875,352.79998779296875,391.0849914550781,360.1936506652832,0,0,0
2024-03-26,425.6099853515625,425.989990234375,421.3500061035156,421.6499938964844,420.89080810546875,16725600,429.3699951171875,356.5299987792969,392.9499969482422,360.6756005859375,0,0,0
2024-03-27,424.44000244140625,424.45001220703125,419.010009765625,421.42999267578125,420.67120361328125,16705000,429.3699951171875,360.5299987792969,394.9499969482422,361.1488005065918,0,0,0
2024-03-28,420.9599914550781,421.8699951171875,419.1199951171875,420.7200012207031,419.9624938964844,21871200,429.3699951171875,360.69000244140625,395.0299987792969,361.59315048217775,0,0,0
2024-04-01,423.95001220703125,427.8900146484375,422.2200012207031,424.57000732421875,423.8055725097656,16316000,429.3699951171875,360.69000244140625,395.0299987792969,362.0445504760742,0,0,0
2024-04-02,420.1099853515625,422.3800048828125,417.8399963378906,421.44000244140625,420.68121337890625,17912000,429.3699951171875,365.92999267578125,397.6499938964844,362.4650505065918,0,0,0
2024-04-03,419.7300109863281,423.260009765625,419.0899963378906,420.45001220703125,419.6929931640625,16502300,429.3699951171875,365.92999267578125,397.6499938964844,362.82680053710936,0,0,0
2024-04-04,424.989990234375,428.6700134277344,417.57000732421875,417.8800048828125,417.12762451171875,19370900,429.3699951171875,365.92999267578125,397.6499938964844,363.2045506286621,0,0,0
2024-04-05,420.010009765625,426.510009765625,418.32000732421875,425.5199890136719,424.75384521484375,16544300,429.3699951171875,365.92999267578125,397.6499938964844,363.64190063476565,0,0,0
2024-04-08,425.1700134277344,427.2799987792969,423.29998779296875,424.5899963378906,423.8255310058594,14272400,429.3699951171875,365.92999267578125,397.6499938964844,364.0970506286621,0,0,0
2024-04-09,426.44000244140625,427.739990234375,421.6199951171875,426.2799987792969,425.5124816894531,12512300,429.3699951171875,365.92999267578125,397.6499938964844,364.5299006652832,0,0,0
2024-04-10,422.19000244140625,424.0299987792969,419.70001220703125,423.260009765625,422.4979248046875,16216600,429.3699951171875,365.92999267578125,397.6499938964844,364.97110076904295,0,0,0
2024-04-11,425.82000732421875,429.3699951171875,422.3599853515625,427.92999267578125,427.1595153808594,17966400,429.3699951171875,365.92999267578125,397.6499938964844,365.4677507019043,0,0,0
2024-04-12,424.04998779296875,425.17999267578125,419.7699890136719,421.8999938964844,421.140380859375,19232100,429.3699951171875,365.92999267578125,397.6499938964844,365.90440063476564,0,0,0
2024-04-15,426.6000061035156,426.82000732421875,413.42999267578125,413.6400146484375,412.895263671875,20273500,429.3699951171875,365.92999267578125,397.6499938964844,366.29335067749025,0,0,0
2024-04-16,414.57000732421875,418.3999938964844,413.7300109863281,414.5799865722656,413.83355712890625,16765600,429.3699951171875,365.92999267578125,397.6499938964844,366.69100067138675,0,0,0
2024-04-17,417.25,418.8800048828125,410.3299865722656,411.8399963378906,411.0984802246094,15855500,429.3699951171875,365.92999267578125,397.6499938964844,367.04750061035156,0,0,0
2024-04-18,410.6300048828125,411.8900146484375,403.95001220703125,404.2699890136719,403.5421142578125,21029900,429.3699951171875,365.92999267578125,397.6499938964844,367.37890060424803,0,0,0
2024-04-19,404.0299987792969,405.4800109863281,397.7699890136719,399.1199951171875,398.4013977050781,30276500,429.3699951171875,365.92999267578125,397.6499938964844,367.6837506103516,0,0,0
2024-04-22,400.0799865722656,402.8500061035156,395.75,400.9599914550781,400.2380676269531,20286900,429.3699951171875,365.92999267578125,397.6499938964844,367.9822006225586,0,0,0
2024-04-23,404.239990234375,408.20001220703125,403.05999755859375,407.57000732421875,406.836181640625,15734500,429.3699951171875,365.92999267578125,397.6499938964844,368.33395065307616,0,0,0
2024-04-24,409.55999755859375,412.4700012207031,406.7799987792969,409.05999755859375,408.323486328125,15065300,429.3699951171875,365.92999267578125,397.6499938964844,368.7201007080078,0,0,0
2024-04-25,394.0299987792969,399.8900146484375,388.0299987792969,399.0400085449219,398.321533203125,40586500,429.3699951171875,365.92999267578125,397.6499938964844,369.0529507446289,0,0,0
2024-04-26,412.1700134277344,413.0,405.760009765625,406.32000732421875,405.58843994140625,29694700,429.3699951171875,365.92999267578125,397.6499938964844,369.39855072021487,0,0,0
2024-04-29,405.25,406.32000732421875,399.19000244140625,402.25,401.5257568359375,19582100,429.3699951171875,365.92999267578125,397.6499938964844,369.6965007019043,0,0,0
2024-04-30,401.489990234375,402.1600036621094,389.1700134277344,389.3299865722656,388.6289978027344,28781400,429.3699951171875,365.92999267578125,397.6499938964844,369.91695068359377,0,0,0
2024-05-01,392.6099853515625,401.7200012207031,390.30999755859375,394.94000244140625,394.2289123535156,23562500,429.3699951171875,365.92999267578125,397.6499938964844,370.16300064086914,0,0,0
2024-05-02,397.6600036621094,399.92999267578125,394.6499938964844,397.8399963378906,397.1236877441406,17709400,429.3699951171875,365.92999267578125,397.6499938964844,370.35475067138674,0,0,0
2024-05-03,402.2799987792969,407.1499938964844,401.8599853515625,406.6600036621094,405.9278259277344,17446700,429.3699951171875,365.92999267578125,397.6499938964844,370.61265075683593,0,0,0
2024-05-06,408.760009765625,413.92999267578125,406.3699951171875,413.5400085449219,412.7954406738281,16996600,429.3699951171875,367.75,398.55999755859375,370.9460008239746,0,0,0
2024-05-07,414.6600036621094,414.6700134277344,409.0899963378906,409.3399963378906,408.6029968261719,20018200,429.3699951171875,367.75,398.55999755859375,371.2738508605957,0,0,0
2024-05-08,408.1700134277344,412.2300109863281,406.7099914550781,410.5400085449219,409.80084228515625,11792300,429.3699951171875,367.75,398.55999755859375,371.6010009765625,0,0,0
2024-05-09,410.57000732421875,412.7200012207031,409.1000061035156,412.32000732421875,411.57763671875,14689700,429.3699951171875,367.75,398.55999755859375,371.90770095825195,0,0,0
2024-05-10,412.94000244140625,415.3800048828125,411.79998779296875,414.739990234375,413.9932556152344,13402300,429.3699951171875,367.75,398.55999755859375,372.2925509643555,0,0,0
2024-05-13,418.010009765625,418.3500061035156,410.82000732421875,413.7200012207031,412.97509765625,15440200,429.3699951171875,367.75,398.55999755859375,372.70755096435545,0,0,0
2024-05-14,412.0199890136719,417.489990234375,411.54998779296875,416.55999755859375,415.80999755859375,15109300,429.3699951171875,367.75,398.55999755859375,373.0985009765625,0,0,0
2024-05-15,417.8999938964844,423.80999755859375,417.2699890136719,423.0799865722656,423.0799865722656,22239500,429.3699951171875,367.75,398.55999755859375,373.5343008422852,0,0,0
2024-05-16,421.79998779296875,425.4200134277344,420.3500061035156,420.989990234375,420.989990234375,17530100,429.3699951171875,367.75,398.55999755859375,373.9575508117676,0,0,0
2024-05-17,422.5400085449219,422.9200134277344,418.0299987792969,420.2099914550781,420.2099914550781,15352200,429.3699951171875,367.75,398.55999755859375,374.421100769043,0,0,0
2024-05-20,420.2099914550781,426.7699890136719,419.989990234375,425.3399963378906,425.3399963378906,16272100,429.3699951171875,367.75,398.55999755859375,374.91450073242186,0,0,0
2024-05-21,426.8299865722656,432.9700012207031,424.8500061035156,429.0400085449219,429.0400085449219,21453300,429.3699951171875,367.75,398.55999755859375,375.42080078125,0,0,0
2024-05-22,430.0899963378906,432.4100036621094,427.1300048828125,430.5199890136719,430.5199890136719,18073700,429.3699951171875,367.75,398.55999755859375,375.92285079956054,1,0,1
2024-05-23,432.9700012207031,433.6000061035156,425.4200134277344,427.0,427.0,17211700,430.5199890136719,367.75,399.13499450683594,376.4276008605957,0,0,0
2024-05-24,427.19000244140625,431.05999755859375,424.4100036621094,430.1600036621094,430.1600036621094,11845800,430.5199890136719,374.69000244140625,402.60499572753906,376.9672508239746,0,0,0
2024-05-28,429.6300048828125,430.82000732421875,426.6000061035156,430.32000732421875,430.32000732421875,15718000,430.5199890136719,375.7900085449219,403.1549987792969,377.5042008972168,0,0,0
2024-05-29,425.69000244140625,430.94000244140625,425.69000244140625,429.1700134277344,429.1700134277344,15517100,430.5199890136719,382.7699890136719,406.6449890136719,378.04500091552734,0,0,0
2024-05-30,424.29998779296875,424.29998779296875,414.239990234375,414.6700134277344,414.6700134277344,28424800,430.5199890136719,384.6300048828125,407.5749969482422,378.4981509399414,0,0,0
2024-05-31,416.75,416.75,404.510009765625,415.1300048828125,415.1300048828125,47995300,430.5199890136719,388.4700012207031,409.4949951171875,378.96450103759764,0,0,0
2024-06-03,415.5299987792969,416.42999267578125,408.9200134277344,413.5199890136719,413.5199890136719,17484700,430.5199890136719,389.3299865722656,409.92498779296875,379.4301010131836,0,0,0
2024-06-04,412.42999267578125,416.44000244140625,409.67999267578125,416.07000732421875,416.07000732421875,14348900,430.5199890136719,389.3299865722656,409.92498779296875,379.9260510253906,0,0,0
2024-06-05,417.80999755859375,424.0799865722656,416.29998779296875,424.010009765625,424.010009765625,16988000,430.5199890136719,389.3299865722656,409.92498779296875,380.4637010192871,0,0,0
2024-06-06,424.010009765625,425.30999755859375,420.5799865722656,424.5199890136719,424.5199890136719,14861300,430.5199890136719,389.3299865722656,409.92498779296875,380.9769009399414,0,0,0
2024-06-07,426.20001220703125,426.2799987792969,423.0,423.8500061035156,423.8500061035156,13621700,430.5199890136719,389.3299865722656,409.92498779296875,381.4838510131836,0,0,0
2024-06-10,424.70001220703125,428.0799865722656,423.8900146484375,427.8699951171875,427.8699951171875,14003000,430.5199890136719,389.3299865722656,409.92498779296875,381.9882009887695,0,0,0
2024-06-11,425.4800109863281,432.82000732421875,425.25,432.67999267578125,432.67999267578125,14551100,430.5199890136719,389.3299865722656,409.92498779296875,382.55175094604493,1,0,1
2024-06-12,435.32000732421875,443.3999938964844,433.25,441.05999755859375,441.05999755859375,22366200,432.67999267578125,389.3299865722656,411.00498962402344,383.14215087890625,1,0,1
2024-06-13,440.8500061035156,443.3900146484375,439.3699951171875,441.5799865722656,441.5799865722656,15960600,441.05999755859375,389.3299865722656,415.1949920654297,383.7315507507324,1,0,1
2024-06-14,438.2799987792969,443.1400146484375,436.7200012207031,442.57000732421875,442.57000732421875,13582000,441.5799865722656,389.3299865722656,415.4549865722656,384.30235076904296,1,0,1
2024-06-17,442.5899963378906,450.94000244140625,440.7200012207031,448.3699951171875,448.3699951171875,20790000,442.57000732421875,389.3299865722656,415.9499969482422,384.90025070190427,1,0,1
2024-06-18,449.7099914550781,450.1400146484375,444.8900146484375,446.3399963378906,446.3399963378906,17112500,448.3699951171875,389.3299865722656,418.84999084472656,385.49315063476564,0,0,0
2024-06-20,446.29998779296875,446.5299987792969,441.2699890136719,445.70001220703125,445.70001220703125,19877400,448.3699951171875,389.3299865722656,418.84999084472656,386.0783506774902,0,0,0
2024-06-21,447.3800048828125,450.5799865722656,446.510009765625,449.7799987792969,449.7799987792969,34486200,448.3699951171875,389.3299865722656,418.84999084472656,386.65950073242186,1,0,1
2024-06-24,449.79998779296875,452.75,446.4100036621094,447.6700134277344,447.6700134277344,15913700,449.7799987792969,389.3299865722656,419.55499267578125,387.2334507751465,0,0,0
2024-06-25,448.25,451.4200134277344,446.75,450.95001220703125,450.95001220703125,16747500,449.7799987792969,389.3299865722656,419.55499267578125,387.8386508178711,1,0,1
2024-06-26,449.0,453.6000061035156,448.19000244140625,452.1600036621094,452.1600036621094,15597700,450.95001220703125,389.3299865722656,420.13999938964844,388.4281008911133,1,0,1
